{
  "project_info": {
    "project_number": "257747989390",
    "project_id": "artecgall",
    "storage_bucket": "artecgall.appspot.com"
  },
  "client": [
    {
      "client_info": {
        "mobilesdk_app_id": "1:257747989390:android:e0f457a9bbdd54bf306adf",
        "android_client_info": {
          "package_name": "com.example.artecgall"
        }
      },
      "oauth_client": [
        {
          "client_id": "257747989390-v2uemq9s8qi537gurhvvrg32mlq0h7to.apps.googleusercontent.com",
          "client_type": 3
        }
      ],
      "api_key": [
        {
          "current_key": "AIzaSyDB4XtFza2TgEwZsthYXmmupm5k3rBDAIk"
        }
      ],
      "services": {
        "appinvite_service": {
          "other_platform_oauth_client": [
            {
              "client_id": "257747989390-v2uemq9s8qi537gurhvvrg32mlq0h7to.apps.googleusercontent.com",
              "client_type": 3
            }
          ]
        }
      }
    }
  ],
  "configuration_version": "1"
}